--
-- PostgreSQL database dump
--

\restrict gYZfJtAndaeFy4fG0PAmUni8QIMbXZC1noFrjJ3NMqB193haELEx0nnbugwTIaj

-- Dumped from database version 15.14 (Homebrew)
-- Dumped by pg_dump version 15.14 (Homebrew)

SET statement_timeout = 0;
SET lock_timeout = 0;
SET idle_in_transaction_session_timeout = 0;
SET client_encoding = 'UTF8';
SET standard_conforming_strings = on;
SELECT pg_catalog.set_config('search_path', '', false);
SET check_function_bodies = false;
SET xmloption = content;
SET client_min_messages = warning;
SET row_security = off;

SET default_tablespace = '';

SET default_table_access_method = heap;

--
-- Name: auth_group; Type: TABLE; Schema: public; Owner: -
--

CREATE TABLE public.auth_group (
    id integer NOT NULL,
    name character varying(150) NOT NULL
);


--
-- Name: auth_group_id_seq; Type: SEQUENCE; Schema: public; Owner: -
--

ALTER TABLE public.auth_group ALTER COLUMN id ADD GENERATED BY DEFAULT AS IDENTITY (
    SEQUENCE NAME public.auth_group_id_seq
    START WITH 1
    INCREMENT BY 1
    NO MINVALUE
    NO MAXVALUE
    CACHE 1
);


--
-- Name: auth_group_permissions; Type: TABLE; Schema: public; Owner: -
--

CREATE TABLE public.auth_group_permissions (
    id bigint NOT NULL,
    group_id integer NOT NULL,
    permission_id integer NOT NULL
);


--
-- Name: auth_group_permissions_id_seq; Type: SEQUENCE; Schema: public; Owner: -
--

ALTER TABLE public.auth_group_permissions ALTER COLUMN id ADD GENERATED BY DEFAULT AS IDENTITY (
    SEQUENCE NAME public.auth_group_permissions_id_seq
    START WITH 1
    INCREMENT BY 1
    NO MINVALUE
    NO MAXVALUE
    CACHE 1
);


--
-- Name: auth_permission; Type: TABLE; Schema: public; Owner: -
--

CREATE TABLE public.auth_permission (
    id integer NOT NULL,
    name character varying(255) NOT NULL,
    content_type_id integer NOT NULL,
    codename character varying(100) NOT NULL
);


--
-- Name: auth_permission_id_seq; Type: SEQUENCE; Schema: public; Owner: -
--

ALTER TABLE public.auth_permission ALTER COLUMN id ADD GENERATED BY DEFAULT AS IDENTITY (
    SEQUENCE NAME public.auth_permission_id_seq
    START WITH 1
    INCREMENT BY 1
    NO MINVALUE
    NO MAXVALUE
    CACHE 1
);


--
-- Name: auth_user; Type: TABLE; Schema: public; Owner: -
--

CREATE TABLE public.auth_user (
    id integer NOT NULL,
    password character varying(128) NOT NULL,
    last_login timestamp with time zone,
    is_superuser boolean NOT NULL,
    username character varying(150) NOT NULL,
    first_name character varying(150) NOT NULL,
    last_name character varying(150) NOT NULL,
    email character varying(254) NOT NULL,
    is_staff boolean NOT NULL,
    is_active boolean NOT NULL,
    date_joined timestamp with time zone NOT NULL
);


--
-- Name: auth_user_groups; Type: TABLE; Schema: public; Owner: -
--

CREATE TABLE public.auth_user_groups (
    id bigint NOT NULL,
    user_id integer NOT NULL,
    group_id integer NOT NULL
);


--
-- Name: auth_user_groups_id_seq; Type: SEQUENCE; Schema: public; Owner: -
--

ALTER TABLE public.auth_user_groups ALTER COLUMN id ADD GENERATED BY DEFAULT AS IDENTITY (
    SEQUENCE NAME public.auth_user_groups_id_seq
    START WITH 1
    INCREMENT BY 1
    NO MINVALUE
    NO MAXVALUE
    CACHE 1
);


--
-- Name: auth_user_id_seq; Type: SEQUENCE; Schema: public; Owner: -
--

ALTER TABLE public.auth_user ALTER COLUMN id ADD GENERATED BY DEFAULT AS IDENTITY (
    SEQUENCE NAME public.auth_user_id_seq
    START WITH 1
    INCREMENT BY 1
    NO MINVALUE
    NO MAXVALUE
    CACHE 1
);


--
-- Name: auth_user_user_permissions; Type: TABLE; Schema: public; Owner: -
--

CREATE TABLE public.auth_user_user_permissions (
    id bigint NOT NULL,
    user_id integer NOT NULL,
    permission_id integer NOT NULL
);


--
-- Name: auth_user_user_permissions_id_seq; Type: SEQUENCE; Schema: public; Owner: -
--

ALTER TABLE public.auth_user_user_permissions ALTER COLUMN id ADD GENERATED BY DEFAULT AS IDENTITY (
    SEQUENCE NAME public.auth_user_user_permissions_id_seq
    START WITH 1
    INCREMENT BY 1
    NO MINVALUE
    NO MAXVALUE
    CACHE 1
);


--
-- Name: django_admin_log; Type: TABLE; Schema: public; Owner: -
--

CREATE TABLE public.django_admin_log (
    id integer NOT NULL,
    action_time timestamp with time zone NOT NULL,
    object_id text,
    object_repr character varying(200) NOT NULL,
    action_flag smallint NOT NULL,
    change_message text NOT NULL,
    content_type_id integer,
    user_id integer NOT NULL,
    CONSTRAINT django_admin_log_action_flag_check CHECK ((action_flag >= 0))
);


--
-- Name: django_admin_log_id_seq; Type: SEQUENCE; Schema: public; Owner: -
--

ALTER TABLE public.django_admin_log ALTER COLUMN id ADD GENERATED BY DEFAULT AS IDENTITY (
    SEQUENCE NAME public.django_admin_log_id_seq
    START WITH 1
    INCREMENT BY 1
    NO MINVALUE
    NO MAXVALUE
    CACHE 1
);


--
-- Name: django_content_type; Type: TABLE; Schema: public; Owner: -
--

CREATE TABLE public.django_content_type (
    id integer NOT NULL,
    app_label character varying(100) NOT NULL,
    model character varying(100) NOT NULL
);


--
-- Name: django_content_type_id_seq; Type: SEQUENCE; Schema: public; Owner: -
--

ALTER TABLE public.django_content_type ALTER COLUMN id ADD GENERATED BY DEFAULT AS IDENTITY (
    SEQUENCE NAME public.django_content_type_id_seq
    START WITH 1
    INCREMENT BY 1
    NO MINVALUE
    NO MAXVALUE
    CACHE 1
);


--
-- Name: django_migrations; Type: TABLE; Schema: public; Owner: -
--

CREATE TABLE public.django_migrations (
    id bigint NOT NULL,
    app character varying(255) NOT NULL,
    name character varying(255) NOT NULL,
    applied timestamp with time zone NOT NULL
);


--
-- Name: django_migrations_id_seq; Type: SEQUENCE; Schema: public; Owner: -
--

ALTER TABLE public.django_migrations ALTER COLUMN id ADD GENERATED BY DEFAULT AS IDENTITY (
    SEQUENCE NAME public.django_migrations_id_seq
    START WITH 1
    INCREMENT BY 1
    NO MINVALUE
    NO MAXVALUE
    CACHE 1
);


--
-- Name: django_session; Type: TABLE; Schema: public; Owner: -
--

CREATE TABLE public.django_session (
    session_key character varying(40) NOT NULL,
    session_data text NOT NULL,
    expire_date timestamp with time zone NOT NULL
);


--
-- Name: monitoring_crop; Type: TABLE; Schema: public; Owner: -
--

CREATE TABLE public.monitoring_crop (
    id bigint NOT NULL,
    name character varying(100) NOT NULL,
    variety character varying(100) NOT NULL,
    crop_type character varying(20) NOT NULL,
    growing_season_days integer,
    expected_yield_per_hectare numeric(8,2),
    description text NOT NULL,
    is_active boolean NOT NULL,
    created_at timestamp with time zone NOT NULL,
    updated_at timestamp with time zone NOT NULL,
    CONSTRAINT monitoring_crop_growing_season_days_check CHECK ((growing_season_days >= 0))
);


--
-- Name: monitoring_crop_id_seq; Type: SEQUENCE; Schema: public; Owner: -
--

ALTER TABLE public.monitoring_crop ALTER COLUMN id ADD GENERATED BY DEFAULT AS IDENTITY (
    SEQUENCE NAME public.monitoring_crop_id_seq
    START WITH 1
    INCREMENT BY 1
    NO MINVALUE
    NO MAXVALUE
    CACHE 1
);


--
-- Name: monitoring_croptype; Type: TABLE; Schema: public; Owner: -
--

CREATE TABLE public.monitoring_croptype (
    id bigint NOT NULL,
    name character varying(50) NOT NULL,
    display_name character varying(100) NOT NULL,
    description text,
    average_shelf_life_days integer NOT NULL,
    minimum_stock_threshold numeric(10,2) NOT NULL,
    is_active boolean NOT NULL
);


--
-- Name: monitoring_croptype_id_seq; Type: SEQUENCE; Schema: public; Owner: -
--

ALTER TABLE public.monitoring_croptype ALTER COLUMN id ADD GENERATED BY DEFAULT AS IDENTITY (
    SEQUENCE NAME public.monitoring_croptype_id_seq
    START WITH 1
    INCREMENT BY 1
    NO MINVALUE
    NO MAXVALUE
    CACHE 1
);


--
-- Name: monitoring_farm; Type: TABLE; Schema: public; Owner: -
--

CREATE TABLE public.monitoring_farm (
    id bigint NOT NULL,
    name character varying(200) NOT NULL,
    location character varying(200) NOT NULL,
    total_area_hectares numeric(10,2) NOT NULL,
    description text NOT NULL,
    contact_phone character varying(20),
    contact_email character varying(254) NOT NULL,
    established_date date,
    soil_type character varying(100) NOT NULL,
    climate_zone character varying(100) NOT NULL,
    water_source character varying(100) NOT NULL,
    certifications character varying(200) NOT NULL,
    is_active boolean NOT NULL,
    created_at timestamp with time zone NOT NULL,
    updated_at timestamp with time zone NOT NULL,
    notes text NOT NULL,
    manager_id integer NOT NULL,
    calculated_avg_yield numeric(8,2) NOT NULL,
    calculated_field_count integer NOT NULL,
    calculated_total_area numeric(10,2) NOT NULL
);


--
-- Name: monitoring_farm_crop_types; Type: TABLE; Schema: public; Owner: -
--

CREATE TABLE public.monitoring_farm_crop_types (
    id bigint NOT NULL,
    farm_id bigint NOT NULL,
    croptype_id bigint NOT NULL
);


--
-- Name: monitoring_farm_crop_types_id_seq; Type: SEQUENCE; Schema: public; Owner: -
--

ALTER TABLE public.monitoring_farm_crop_types ALTER COLUMN id ADD GENERATED BY DEFAULT AS IDENTITY (
    SEQUENCE NAME public.monitoring_farm_crop_types_id_seq
    START WITH 1
    INCREMENT BY 1
    NO MINVALUE
    NO MAXVALUE
    CACHE 1
);


--
-- Name: monitoring_farm_id_seq; Type: SEQUENCE; Schema: public; Owner: -
--

ALTER TABLE public.monitoring_farm ALTER COLUMN id ADD GENERATED BY DEFAULT AS IDENTITY (
    SEQUENCE NAME public.monitoring_farm_id_seq
    START WITH 1
    INCREMENT BY 1
    NO MINVALUE
    NO MAXVALUE
    CACHE 1
);


--
-- Name: monitoring_field; Type: TABLE; Schema: public; Owner: -
--

CREATE TABLE public.monitoring_field (
    id bigint NOT NULL,
    name character varying(100) NOT NULL,
    area_hectares numeric(8,2) NOT NULL,
    planting_date date NOT NULL,
    expected_harvest_date date NOT NULL,
    soil_type character varying(100),
    irrigation_type character varying(100),
    is_active boolean NOT NULL,
    notes text,
    created_at timestamp with time zone NOT NULL,
    updated_at timestamp with time zone NOT NULL,
    crop_id bigint NOT NULL,
    farm_id bigint NOT NULL,
    supervisor_id integer NOT NULL,
    soil_quality character varying(50)
);


--
-- Name: monitoring_field_id_seq; Type: SEQUENCE; Schema: public; Owner: -
--

ALTER TABLE public.monitoring_field ALTER COLUMN id ADD GENERATED BY DEFAULT AS IDENTITY (
    SEQUENCE NAME public.monitoring_field_id_seq
    START WITH 1
    INCREMENT BY 1
    NO MINVALUE
    NO MAXVALUE
    CACHE 1
);


--
-- Name: monitoring_generatedreport; Type: TABLE; Schema: public; Owner: -
--

CREATE TABLE public.monitoring_generatedreport (
    id bigint NOT NULL,
    name character varying(200) NOT NULL,
    report_type character varying(50) NOT NULL,
    generated_at timestamp with time zone NOT NULL,
    from_date date NOT NULL,
    to_date date NOT NULL,
    export_format character varying(10) NOT NULL,
    file character varying(100),
    generated_by_id integer,
    template_id bigint,
    error_message text,
    status character varying(10) NOT NULL
);


--
-- Name: monitoring_generatedreport_id_seq; Type: SEQUENCE; Schema: public; Owner: -
--

ALTER TABLE public.monitoring_generatedreport ALTER COLUMN id ADD GENERATED BY DEFAULT AS IDENTITY (
    SEQUENCE NAME public.monitoring_generatedreport_id_seq
    START WITH 1
    INCREMENT BY 1
    NO MINVALUE
    NO MAXVALUE
    CACHE 1
);


--
-- Name: monitoring_harvestrecord; Type: TABLE; Schema: public; Owner: -
--

CREATE TABLE public.monitoring_harvestrecord (
    id bigint NOT NULL,
    created_at timestamp with time zone NOT NULL,
    updated_at timestamp with time zone NOT NULL,
    created_by_id integer,
    harvest_date date NOT NULL,
    quantity_tons numeric(10,2) NOT NULL,
    quality_grade character varying(1) NOT NULL,
    status character varying(20) DEFAULT 'completed'::character varying,
    weather_conditions character varying(100),
    moisture_content numeric(5,2),
    notes text,
    field_id integer NOT NULL,
    harvested_by_id integer NOT NULL
);


--
-- Name: monitoring_harvestrecord_id_seq; Type: SEQUENCE; Schema: public; Owner: -
--

ALTER TABLE public.monitoring_harvestrecord ALTER COLUMN id ADD GENERATED BY DEFAULT AS IDENTITY (
    SEQUENCE NAME public.monitoring_harvestrecord_id_seq
    START WITH 1
    INCREMENT BY 1
    NO MINVALUE
    NO MAXVALUE
    CACHE 1
);


--
-- Name: monitoring_inventory; Type: TABLE; Schema: public; Owner: -
--

CREATE TABLE public.monitoring_inventory (
    id bigint NOT NULL,
    quantity_tons numeric(10,2) NOT NULL,
    storage_location character varying(200) NOT NULL,
    storage_condition character varying(20) NOT NULL,
    quality_grade character varying(1) NOT NULL,
    date_stored date NOT NULL,
    expiry_date date,
    batch_number character varying(50) NOT NULL,
    unit_price numeric(10,2),
    is_reserved boolean NOT NULL,
    notes text NOT NULL,
    created_at timestamp with time zone NOT NULL,
    updated_at timestamp with time zone NOT NULL,
    crop_id bigint NOT NULL,
    harvest_record_id bigint,
    managed_by_id integer NOT NULL
);


--
-- Name: monitoring_inventory_id_seq; Type: SEQUENCE; Schema: public; Owner: -
--

ALTER TABLE public.monitoring_inventory ALTER COLUMN id ADD GENERATED BY DEFAULT AS IDENTITY (
    SEQUENCE NAME public.monitoring_inventory_id_seq
    START WITH 1
    INCREMENT BY 1
    NO MINVALUE
    NO MAXVALUE
    CACHE 1
);


--
-- Name: monitoring_inventoryitem; Type: TABLE; Schema: public; Owner: -
--

CREATE TABLE public.monitoring_inventoryitem (
    id bigint NOT NULL,
    quantity numeric(10,2) NOT NULL,
    quality_grade character varying(1) NOT NULL,
    date_stored date NOT NULL,
    expiry_date date NOT NULL,
    created_at timestamp with time zone NOT NULL,
    updated_at timestamp with time zone NOT NULL,
    added_by_id integer,
    crop_type_id bigint NOT NULL,
    storage_location_id bigint NOT NULL
);


--
-- Name: monitoring_inventoryitem_id_seq; Type: SEQUENCE; Schema: public; Owner: -
--

ALTER TABLE public.monitoring_inventoryitem ALTER COLUMN id ADD GENERATED BY DEFAULT AS IDENTITY (
    SEQUENCE NAME public.monitoring_inventoryitem_id_seq
    START WITH 1
    INCREMENT BY 1
    NO MINVALUE
    NO MAXVALUE
    CACHE 1
);


--
-- Name: monitoring_inventorytransaction; Type: TABLE; Schema: public; Owner: -
--

CREATE TABLE public.monitoring_inventorytransaction (
    id bigint NOT NULL,
    action_type character varying(10) NOT NULL,
    quantity numeric(10,2) NOT NULL,
    previous_quantity numeric(10,2) NOT NULL,
    new_quantity numeric(10,2) NOT NULL,
    notes text,
    "timestamp" timestamp with time zone NOT NULL,
    inventory_item_id bigint NOT NULL,
    user_id integer
);


--
-- Name: monitoring_inventorytransaction_id_seq; Type: SEQUENCE; Schema: public; Owner: -
--

ALTER TABLE public.monitoring_inventorytransaction ALTER COLUMN id ADD GENERATED BY DEFAULT AS IDENTITY (
    SEQUENCE NAME public.monitoring_inventorytransaction_id_seq
    START WITH 1
    INCREMENT BY 1
    NO MINVALUE
    NO MAXVALUE
    CACHE 1
);


--
-- Name: monitoring_notification; Type: TABLE; Schema: public; Owner: -
--

CREATE TABLE public.monitoring_notification (
    id bigint NOT NULL,
    notification_type character varying(20) NOT NULL,
    priority character varying(10) NOT NULL,
    message text NOT NULL,
    created_at timestamp with time zone NOT NULL,
    is_read boolean NOT NULL,
    user_id integer NOT NULL
);


--
-- Name: monitoring_notification_id_seq; Type: SEQUENCE; Schema: public; Owner: -
--

ALTER TABLE public.monitoring_notification ALTER COLUMN id ADD GENERATED BY DEFAULT AS IDENTITY (
    SEQUENCE NAME public.monitoring_notification_id_seq
    START WITH 1
    INCREMENT BY 1
    NO MINVALUE
    NO MAXVALUE
    CACHE 1
);


--
-- Name: monitoring_reportactivitylog; Type: TABLE; Schema: public; Owner: -
--

CREATE TABLE public.monitoring_reportactivitylog (
    id bigint NOT NULL,
    action character varying(20) NOT NULL,
    "timestamp" timestamp with time zone NOT NULL,
    report_id bigint NOT NULL,
    user_id integer NOT NULL
);


--
-- Name: monitoring_reportactivitylog_id_seq; Type: SEQUENCE; Schema: public; Owner: -
--

ALTER TABLE public.monitoring_reportactivitylog ALTER COLUMN id ADD GENERATED BY DEFAULT AS IDENTITY (
    SEQUENCE NAME public.monitoring_reportactivitylog_id_seq
    START WITH 1
    INCREMENT BY 1
    NO MINVALUE
    NO MAXVALUE
    CACHE 1
);


--
-- Name: monitoring_reporttemplate; Type: TABLE; Schema: public; Owner: -
--

CREATE TABLE public.monitoring_reporttemplate (
    id bigint NOT NULL,
    title character varying(150) NOT NULL,
    description text NOT NULL,
    report_type character varying(50) NOT NULL,
    frequency character varying(20),
    last_generated date
);


--
-- Name: monitoring_reporttemplate_id_seq; Type: SEQUENCE; Schema: public; Owner: -
--

ALTER TABLE public.monitoring_reporttemplate ALTER COLUMN id ADD GENERATED BY DEFAULT AS IDENTITY (
    SEQUENCE NAME public.monitoring_reporttemplate_id_seq
    START WITH 1
    INCREMENT BY 1
    NO MINVALUE
    NO MAXVALUE
    CACHE 1
);


--
-- Name: monitoring_storagelocation; Type: TABLE; Schema: public; Owner: -
--

CREATE TABLE public.monitoring_storagelocation (
    id bigint NOT NULL,
    name character varying(100) NOT NULL,
    code character varying(10) NOT NULL,
    address text,
    capacity_tons numeric(10,2) NOT NULL,
    is_active boolean NOT NULL,
    created_at timestamp with time zone NOT NULL,
    updated_at timestamp with time zone NOT NULL
);


--
-- Name: monitoring_storagelocation_id_seq; Type: SEQUENCE; Schema: public; Owner: -
--

ALTER TABLE public.monitoring_storagelocation ALTER COLUMN id ADD GENERATED BY DEFAULT AS IDENTITY (
    SEQUENCE NAME public.monitoring_storagelocation_id_seq
    START WITH 1
    INCREMENT BY 1
    NO MINVALUE
    NO MAXVALUE
    CACHE 1
);


--
-- Name: monitoring_userprofile; Type: TABLE; Schema: public; Owner: -
--

CREATE TABLE public.monitoring_userprofile (
    id bigint NOT NULL,
    role character varying(20) NOT NULL,
    supabase_id character varying(100),
    phone_number character varying(20),
    created_at timestamp with time zone NOT NULL,
    updated_at timestamp with time zone NOT NULL,
    is_active boolean NOT NULL,
    user_id integer NOT NULL
);


--
-- Name: monitoring_userprofile_id_seq; Type: SEQUENCE; Schema: public; Owner: -
--

ALTER TABLE public.monitoring_userprofile ALTER COLUMN id ADD GENERATED BY DEFAULT AS IDENTITY (
    SEQUENCE NAME public.monitoring_userprofile_id_seq
    START WITH 1
    INCREMENT BY 1
    NO MINVALUE
    NO MAXVALUE
    CACHE 1
);


--
-- Data for Name: auth_group; Type: TABLE DATA; Schema: public; Owner: -
--

COPY public.auth_group (id, name) FROM stdin;
\.


--
-- Data for Name: auth_group_permissions; Type: TABLE DATA; Schema: public; Owner: -
--

COPY public.auth_group_permissions (id, group_id, permission_id) FROM stdin;
\.


--
-- Data for Name: auth_permission; Type: TABLE DATA; Schema: public; Owner: -
--

COPY public.auth_permission (id, name, content_type_id, codename) FROM stdin;
1	Can add log entry	1	add_logentry
2	Can change log entry	1	change_logentry
3	Can delete log entry	1	delete_logentry
4	Can view log entry	1	view_logentry
5	Can add permission	2	add_permission
6	Can change permission	2	change_permission
7	Can delete permission	2	delete_permission
8	Can view permission	2	view_permission
9	Can add group	3	add_group
10	Can change group	3	change_group
11	Can delete group	3	delete_group
12	Can view group	3	view_group
13	Can add user	4	add_user
14	Can change user	4	change_user
15	Can delete user	4	delete_user
16	Can view user	4	view_user
17	Can add content type	5	add_contenttype
18	Can change content type	5	change_contenttype
19	Can delete content type	5	delete_contenttype
20	Can view content type	5	view_contenttype
21	Can add session	6	add_session
22	Can change session	6	change_session
23	Can delete session	6	delete_session
24	Can view session	6	view_session
25	Can add Crop	7	add_crop
26	Can change Crop	7	change_crop
27	Can delete Crop	7	delete_crop
28	Can view Crop	7	view_crop
29	Can add Farm	8	add_farm
30	Can change Farm	8	change_farm
31	Can delete Farm	8	delete_farm
32	Can view Farm	8	view_farm
33	Can add Field	9	add_field
34	Can change Field	9	change_field
35	Can delete Field	9	delete_field
36	Can view Field	9	view_field
37	Can add Harvest Record	10	add_harvestrecord
38	Can change Harvest Record	10	change_harvestrecord
39	Can delete Harvest Record	10	delete_harvestrecord
40	Can view Harvest Record	10	view_harvestrecord
41	Can add Inventory Item	11	add_inventory
42	Can change Inventory Item	11	change_inventory
43	Can delete Inventory Item	11	delete_inventory
44	Can view Inventory Item	11	view_inventory
45	Can add User Profile	12	add_userprofile
46	Can change User Profile	12	change_userprofile
47	Can delete User Profile	12	delete_userprofile
48	Can view User Profile	12	view_userprofile
49	Can add report activity log	13	add_reportactivitylog
50	Can change report activity log	13	change_reportactivitylog
51	Can delete report activity log	13	delete_reportactivitylog
52	Can view report activity log	13	view_reportactivitylog
53	Can add report template	14	add_reporttemplate
54	Can change report template	14	change_reporttemplate
55	Can delete report template	14	delete_reporttemplate
56	Can view report template	14	view_reporttemplate
57	Can add generated report	15	add_generatedreport
58	Can change generated report	15	change_generatedreport
59	Can delete generated report	15	delete_generatedreport
60	Can view generated report	15	view_generatedreport
61	Can add storage location	16	add_storagelocation
62	Can change storage location	16	change_storagelocation
63	Can delete storage location	16	delete_storagelocation
64	Can view storage location	16	view_storagelocation
65	Can add crop type	17	add_croptype
66	Can change crop type	17	change_croptype
67	Can delete crop type	17	delete_croptype
68	Can view crop type	17	view_croptype
69	Can add inventory item	18	add_inventoryitem
70	Can change inventory item	18	change_inventoryitem
71	Can delete inventory item	18	delete_inventoryitem
72	Can view inventory item	18	view_inventoryitem
73	Can add inventory transaction	19	add_inventorytransaction
74	Can change inventory transaction	19	change_inventorytransaction
75	Can delete inventory transaction	19	delete_inventorytransaction
76	Can view inventory transaction	19	view_inventorytransaction
77	Can add notification	20	add_notification
78	Can change notification	20	change_notification
79	Can delete notification	20	delete_notification
80	Can view notification	20	view_notification
\.


--
-- Data for Name: auth_user; Type: TABLE DATA; Schema: public; Owner: -
--

COPY public.auth_user (id, password, last_login, is_superuser, username, first_name, last_name, email, is_staff, is_active, date_joined) FROM stdin;
23	pbkdf2_sha256$1000000$56V0YUGmAvLiwU2IUVuGc1$67F3KzkoAWRG98pV8drB3BCoB0T2Wb5s4b1vwIRY85I=	2025-09-14 05:14:46.114277+00	f	temtop	Tobiloba	Awosanmi	tobilobaawosanmi44@gmail.com	f	t	2025-09-13 23:42:21.678564+00
24	pbkdf2_sha256$1000000$t9qW0K0KA5irLKU5rJjjSx$lRKrcgJtJoxxRhrj5CCz0lkYwn4j3F1Nt6+xDIVVe6Y=	2025-09-14 05:16:47.024523+00	f	tolex	Toluwalase	John	tolexjohn@gmail.com	f	t	2025-09-14 05:16:22.328046+00
1	pbkdf2_sha256$1000000$KePSTt7RadOIF6kmlySWEb$VI/MwWguYB4oBrHHIjcsG/kcV2chk6NIvBypR5ZgAww=	2025-09-14 06:32:46.276104+00	t	farouq			farouqtaiwo45@gmail.com	t	t	2025-09-03 20:18:46.361953+00
\.


--
-- Data for Name: auth_user_groups; Type: TABLE DATA; Schema: public; Owner: -
--

COPY public.auth_user_groups (id, user_id, group_id) FROM stdin;
\.


--
-- Data for Name: auth_user_user_permissions; Type: TABLE DATA; Schema: public; Owner: -
--

COPY public.auth_user_user_permissions (id, user_id, permission_id) FROM stdin;
\.


--
-- Data for Name: django_admin_log; Type: TABLE DATA; Schema: public; Owner: -
--

COPY public.django_admin_log (id, action_time, object_id, object_repr, action_flag, change_message, content_type_id, user_id) FROM stdin;
\.


--
-- Data for Name: django_content_type; Type: TABLE DATA; Schema: public; Owner: -
--

COPY public.django_content_type (id, app_label, model) FROM stdin;
1	admin	logentry
2	auth	permission
3	auth	group
4	auth	user
5	contenttypes	contenttype
6	sessions	session
7	monitoring	crop
8	monitoring	farm
9	monitoring	field
10	monitoring	harvestrecord
11	monitoring	inventory
12	monitoring	userprofile
13	monitoring	reportactivitylog
14	monitoring	reporttemplate
15	monitoring	generatedreport
16	monitoring	storagelocation
17	monitoring	croptype
18	monitoring	inventoryitem
19	monitoring	inventorytransaction
20	monitoring	notification
\.


--
-- Data for Name: django_migrations; Type: TABLE DATA; Schema: public; Owner: -
--

COPY public.django_migrations (id, app, name, applied) FROM stdin;
1	contenttypes	0001_initial	2025-08-31 23:57:21.836974+00
2	auth	0001_initial	2025-08-31 23:57:21.906058+00
3	admin	0001_initial	2025-08-31 23:57:21.923006+00
4	admin	0002_logentry_remove_auto_add	2025-08-31 23:57:21.927614+00
5	admin	0003_logentry_add_action_flag_choices	2025-08-31 23:57:21.932614+00
6	contenttypes	0002_remove_content_type_name	2025-08-31 23:57:21.941941+00
7	auth	0002_alter_permission_name_max_length	2025-08-31 23:57:21.945743+00
8	auth	0003_alter_user_email_max_length	2025-08-31 23:57:21.94986+00
9	auth	0004_alter_user_username_opts	2025-08-31 23:57:21.952962+00
10	auth	0005_alter_user_last_login_null	2025-08-31 23:57:21.957157+00
11	auth	0006_require_contenttypes_0002	2025-08-31 23:57:21.957706+00
12	auth	0007_alter_validators_add_error_messages	2025-08-31 23:57:21.960691+00
13	auth	0008_alter_user_username_max_length	2025-08-31 23:57:21.969094+00
14	auth	0009_alter_user_last_name_max_length	2025-08-31 23:57:21.975964+00
15	auth	0010_alter_group_name_max_length	2025-08-31 23:57:21.980002+00
16	auth	0011_update_proxy_permissions	2025-08-31 23:57:21.982797+00
17	auth	0012_alter_user_first_name_max_length	2025-08-31 23:57:21.986319+00
18	monitoring	0001_initial	2025-08-31 23:57:21.987116+00
19	monitoring	0002_initial	2025-08-31 23:57:22.069415+00
20	sessions	0001_initial	2025-08-31 23:57:22.075552+00
21	monitoring	0003_alter_userprofile_role	2025-09-03 21:03:47.454066+00
22	monitoring	0004_alter_harvestrecord_options_and_more	2025-09-08 21:40:41.503961+00
23	monitoring	0002_reporttemplate_generatedreport_reportactivitylog	2025-09-09 13:19:41.491708+00
24	monitoring	0002_inventory_models	2025-09-11 00:08:04.795616+00
25	monitoring	0003_merge_20250911_0107	2025-09-11 00:08:04.797771+00
26	monitoring	0004_rename_monitoring_i_crop_ty_b6b89a_idx_monitoring__crop_ty_c70266_idx_and_more	2025-09-12 09:12:28.590178+00
27	monitoring	0005_alter_generatedreport_options_and_more	2025-09-13 20:34:38.362993+00
28	monitoring	0006_alter_farm_contact_phone_alter_field_irrigation_type_and_more	2025-09-14 01:54:17.397461+00
29	monitoring	0007_alter_crop_description_alter_crop_variety_and_more	2025-09-14 01:54:17.570931+00
\.


--
-- Data for Name: django_session; Type: TABLE DATA; Schema: public; Owner: -
--

COPY public.django_session (session_key, session_data, expire_date) FROM stdin;
c50jacnly55hxt6pqunljhwliizmu7tk	.eJxVjMsOwiAQRf9l1oaUh7Z06d5vIAMzWNSAgTbRGP9dm3TT7T3n3A-4xq2lkh2_nqm-YewO4HCZJ7c0ri4RjCBht3kMd84roBvmaxGh5LkmL1ZFbLSJSyF-nDd3dzBhm_51VGgpBiM1s7bYse558JGsxYEDnnwntdKKPGHEo5GDN4qUsSZ66oOW8P0BPG5AJA:1uxZwH:OS2DFA_6GikJWzEETzun0H_KYnehURTnTKrLbd2pg_E	2025-09-27 23:45:53.264832+00
wfw7k8ez12x76ypo1k123j7otfv1e4p1	.eJxVjMsOwiAQRf-FtSFg5dWle7-BDDBjUQNNaRON8d9tk266veec-2W-YWu5Fo_vMU8f1osT87DMg18aTj4n1jPJDluA-MSygfSAcq881jJPOfBN4Ttt_FYTvq67ezgYoA1rLSxEJZ21XQSBQEpGMkGSBqeFIrwoY7QIaBRZFRxJbSh0yboVnE1U7PcHERw_AA:1uxbwm:agILrnUaE1mNEtG9q-DP8Y2nx8MIxzv7UZMHIwFXLsM	2025-09-28 01:54:32.315375+00
60ce33acf4ykaowvkhk7ldlcl4yg6flu	.eJxVjMsOwiAQRf-FtSFg5dWle7-BDDBjUQNNaRON8d9tk266veec-2W-YWu5Fo_vMU8f1osT87DMg18aTj4n1jPJDluA-MSygfSAcq881jJPOfBN4Ttt_FYTvq67ezgYoA1rLSxEJZ21XQSBQEpGMkGSBqeFIrwoY7QIaBRZFRxJbSh0yboVnE1U7PcHERw_AA:1uxgI2:wW96-x4KXznsbgbtvsDYNoKSWZPnHIaQdxP2I6ZK3QQ	2025-09-28 06:32:46.27978+00
1ct2pi9jmia1lsark9s9w30fxlhym63t	.eJxVjEEOwiAQRe_C2pABK5Qu3XsGMjCDRQ2Y0iYa4921STfd_vfe_wjfuLVci-fXM09vMcBBeFzm0S-NJ59JDEKJ3RYw3rmsgG5YrlXGWuYpB7kqcqNNXirx47y5u4MR2_ivjSHsbeoUW0qmJ0jEGsD22jq2kY6n1EU2Ohytc4hBkXORAaIFDSpo8f0BGqc_Rg:1uvsCl:tbwXoTUez8vLuIF5H-NwBbeDkMjjdDFcQAWj4U5qHSc	2025-09-23 06:51:51.528413+00
\.


--
-- Data for Name: monitoring_crop; Type: TABLE DATA; Schema: public; Owner: -
--

COPY public.monitoring_crop (id, name, variety, crop_type, growing_season_days, expected_yield_per_hectare, description, is_active, created_at, updated_at) FROM stdin;
1	Corn	Yellow Corn	other	\N	8.50		t	2025-09-08 15:19:58.906577+00	2025-09-08 15:19:58.906823+00
2	cocoa		other	\N	5.00		t	2025-09-12 09:45:00.374777+00	2025-09-12 09:45:00.375129+00
3	cassava		other	\N	5.00		t	2025-09-12 09:46:32.348573+00	2025-09-12 09:46:32.348855+00
4	Maize	Yellow Corn	cereal	\N	6.50		t	2025-09-13 16:35:47.093067+00	2025-09-13 16:35:47.093156+00
5	Rice	Ofada	cereal	\N	4.20		t	2025-09-13 16:35:47.098634+00	2025-09-13 16:35:47.098697+00
6	Yam	White Yam	root	\N	12.00		t	2025-09-13 16:35:47.10003+00	2025-09-13 16:35:47.100087+00
7	Cocoa	Trinitario	other	\N	1.80		t	2025-09-13 16:35:47.101456+00	2025-09-13 16:35:47.101511+00
8	Plantain	French Horn	fruit	\N	15.00		t	2025-09-13 16:35:47.10288+00	2025-09-13 16:35:47.102934+00
9	Beans	Cowpea	legume	\N	2.50		t	2025-09-13 16:35:47.104349+00	2025-09-13 16:35:47.104404+00
10	rice		other	\N	5.00		t	2025-09-13 17:03:22.511019+00	2025-09-13 17:03:22.511456+00
11	Cassava		root	300	20.00	Staple root crop grown in Osun State	t	2025-09-14 00:00:01.474355+00	2025-09-14 00:00:01.475338+00
\.


--
-- Data for Name: monitoring_croptype; Type: TABLE DATA; Schema: public; Owner: -
--

COPY public.monitoring_croptype (id, name, display_name, description, average_shelf_life_days, minimum_stock_threshold, is_active) FROM stdin;
1	corn	Corn	Maize crop commonly grown for food and animal feed	365	50.00	t
2	wheat	Wheat	Cereal grain used for making flour and bread	730	75.00	t
3	cocoa	Cocoa	Cocoa beans used for chocolate production	1095	25.00	t
4	rice	Rice	Staple grain crop consumed worldwide	1460	100.00	t
5	cassava	Cassava	Root vegetable and important food source	90	30.00	t
6	yam	Yam	Starchy root vegetable	120	20.00	t
7	plantain	Plantain	\N	30	20.00	t
8	beans	Beans	\N	545	40.00	t
\.


--
-- Data for Name: monitoring_farm; Type: TABLE DATA; Schema: public; Owner: -
--

COPY public.monitoring_farm (id, name, location, total_area_hectares, description, contact_phone, contact_email, established_date, soil_type, climate_zone, water_source, certifications, is_active, created_at, updated_at, notes, manager_id, calculated_avg_yield, calculated_field_count, calculated_total_area) FROM stdin;
4	anuoluwapo farm	Ibadan, Oyo State	29.00				2025-08-09	loam				t	2025-09-12 09:45:00.329139+00	2025-09-12 09:45:00.409846+00		1	0.00	1	12.00
5	anuoluwapo farm	Ibadan, Oyo State	29.00				2025-08-09	loam				t	2025-09-12 09:46:32.327695+00	2025-09-12 09:46:32.36887+00		1	0.00	1	2.00
13	obasanjo farm	oyo state	90.00				2024-09-08	loam				t	2025-09-13 17:26:41.6451+00	2025-09-13 17:26:41.6979+00		1	0.00	1	20.00
14	Odo Eja Farm	Ede, Osun State	20.00	New farm in Ede region specializing in maize and cassava.			\N	Loamy	Guinea Savannah	River Osun		t	2025-09-14 00:00:01.491958+00	2025-09-14 00:00:01.690117+00	Focus on sustainable farming practices.	23	4.05	2	20.00
\.


--
-- Data for Name: monitoring_farm_crop_types; Type: TABLE DATA; Schema: public; Owner: -
--

COPY public.monitoring_farm_crop_types (id, farm_id, croptype_id) FROM stdin;
1	4	3
2	4	4
3	4	5
4	5	5
19	13	3
20	13	5
21	13	6
\.


--
-- Data for Name: monitoring_field; Type: TABLE DATA; Schema: public; Owner: -
--

COPY public.monitoring_field (id, name, area_hectares, planting_date, expected_harvest_date, soil_type, irrigation_type, is_active, notes, created_at, updated_at, crop_id, farm_id, supervisor_id, soil_quality) FROM stdin;
3	cocoa field	12.00	2025-08-09	2026-02-03	loam		t		2025-09-12 09:45:00.37687+00	2025-09-12 09:45:00.37721+00	2	4	1	excellent
4	cassava field	2.00	2025-08-09	2026-05-02	loam		t		2025-09-12 09:46:32.350542+00	2025-09-12 09:46:32.350825+00	3	5	1	good
12	Rice field	20.00	2024-09-08	2025-12-08	loam		t		2025-09-13 17:26:41.679534+00	2025-09-13 17:26:41.680019+00	10	13	1	good
13	Maize Field 1	10.00	2025-06-01	2025-09-20		Rain-fed	t	High-yield maize plot.	2025-09-14 00:00:01.552208+00	2025-09-14 00:00:01.552415+00	4	14	23	good
14	Cassava Field 1	10.00	2024-12-01	2025-10-15		Irrigated	t	Long-season cassava for staple production.	2025-09-14 00:00:01.609626+00	2025-09-14 00:00:01.609776+00	11	14	23	average
\.


--
-- Data for Name: monitoring_generatedreport; Type: TABLE DATA; Schema: public; Owner: -
--

COPY public.monitoring_generatedreport (id, name, report_type, generated_at, from_date, to_date, export_format, file, generated_by_id, template_id, error_message, status) FROM stdin;
28	Monthly Harvest Summary Report	monthly_harvest_summary	2025-09-13 22:56:13.294351+00	2025-07-31	2025-09-13	csv	reports/monthly_harvest_summary_20250913225613.csv	1	\N	\N	generated
29	Inventory Status Report Report	inventory_status_report	2025-09-13 22:57:34.572033+00	2025-08-31	2025-09-13	pdf	reports/inventory_status_report_20250913225734.pdf	1	\N	\N	generated
30	Inventory Status Report Report	inventory_status_report	2025-09-13 23:02:12.558881+00	2025-08-31	2025-09-13	csv	reports/inventory_status_report_20250913230212.csv	1	\N	\N	generated
27	Monthly Harvest Summary Report	monthly_harvest_summary	2025-09-13 20:51:00.259518+00	2025-07-31	2025-09-13	csv	reports/monthly_harvest_summary_20250913205100.csv	1	\N	\N	generated
\.


--
-- Data for Name: monitoring_harvestrecord; Type: TABLE DATA; Schema: public; Owner: -
--

COPY public.monitoring_harvestrecord (id, created_at, updated_at, created_by_id, harvest_date, quantity_tons, quality_grade, status, weather_conditions, moisture_content, notes, field_id, harvested_by_id) FROM stdin;
9	2025-09-13 23:43:01.031403+00	2025-09-13 23:43:01.031417+00	1	2025-09-13	500.00	A	completed	clear	\N		12	23
10	2025-09-14 00:00:01.669711+00	2025-09-14 00:00:01.669722+00	\N	2025-09-10	200.00	A	completed	Sunny and dry	12.50	Excellent yield this season.	13	23
\.


--
-- Data for Name: monitoring_inventory; Type: TABLE DATA; Schema: public; Owner: -
--

COPY public.monitoring_inventory (id, quantity_tons, storage_location, storage_condition, quality_grade, date_stored, expiry_date, batch_number, unit_price, is_reserved, notes, created_at, updated_at, crop_id, harvest_record_id, managed_by_id) FROM stdin;
\.


--
-- Data for Name: monitoring_inventoryitem; Type: TABLE DATA; Schema: public; Owner: -
--

COPY public.monitoring_inventoryitem (id, quantity, quality_grade, date_stored, expiry_date, created_at, updated_at, added_by_id, crop_type_id, storage_location_id) FROM stdin;
4	300.00	A	2025-09-12	2026-02-05	2025-09-12 16:17:33.96976+00	2025-09-12 16:17:33.969777+00	1	5	1
\.


--
-- Data for Name: monitoring_inventorytransaction; Type: TABLE DATA; Schema: public; Owner: -
--

COPY public.monitoring_inventorytransaction (id, action_type, quantity, previous_quantity, new_quantity, notes, "timestamp", inventory_item_id, user_id) FROM stdin;
5	ADD	300.00	0.00	300.00	Initial stock added to Main Warehouse	2025-09-12 16:17:33.974724+00	4	1
\.


--
-- Data for Name: monitoring_notification; Type: TABLE DATA; Schema: public; Owner: -
--

COPY public.monitoring_notification (id, notification_type, priority, message, created_at, is_read, user_id) FROM stdin;
\.


--
-- Data for Name: monitoring_reportactivitylog; Type: TABLE DATA; Schema: public; Owner: -
--

COPY public.monitoring_reportactivitylog (id, action, "timestamp", report_id, user_id) FROM stdin;
35	generate	2025-09-13 20:51:00.27567+00	27	1
36	generate	2025-09-13 22:56:13.309784+00	28	1
37	generate	2025-09-13 22:57:34.615235+00	29	1
38	download	2025-09-13 22:57:43.018497+00	29	1
39	generate	2025-09-13 23:02:12.582221+00	30	1
\.


--
-- Data for Name: monitoring_reporttemplate; Type: TABLE DATA; Schema: public; Owner: -
--

COPY public.monitoring_reporttemplate (id, title, description, report_type, frequency, last_generated) FROM stdin;
\.


--
-- Data for Name: monitoring_storagelocation; Type: TABLE DATA; Schema: public; Owner: -
--

COPY public.monitoring_storagelocation (id, name, code, address, capacity_tons, is_active, created_at, updated_at) FROM stdin;
1	Main Warehouse	MW-01	Central Farm Location, Main Storage Facility	1000.00	t	2025-09-11 06:29:56.270158+00	2025-09-11 06:29:56.270177+00
2	Secondary Warehouse	SW-01	Secondary Farm Location, Backup Storage	750.00	t	2025-09-11 06:29:56.274911+00	2025-09-11 06:29:56.274922+00
3	Cold Storage Unit	CS-01	Refrigerated Storage for Perishables	500.00	t	2025-09-11 06:29:56.313193+00	2025-09-11 06:29:56.313359+00
4	Dry Storage Facility	DS-01	Dry Storage for Grains and Processed Goods	800.00	t	2025-09-11 06:29:56.323618+00	2025-09-11 06:29:56.323682+00
5	Processing Center Storage	PC-01	Storage attached to processing facility	400.00	t	2025-09-11 06:29:56.346938+00	2025-09-11 06:29:56.34695+00
6	Central Warehouse	CW-01	\N	500.00	t	2025-09-13 16:35:47.115987+00	2025-09-13 16:35:47.116+00
7	North Storage	NS-02	\N	250.00	t	2025-09-13 16:35:47.118917+00	2025-09-13 16:35:47.118923+00
8	South Depot	SD-03	\N	300.00	t	2025-09-13 16:35:47.11995+00	2025-09-13 16:35:47.119955+00
\.


--
-- Data for Name: monitoring_userprofile; Type: TABLE DATA; Schema: public; Owner: -
--

COPY public.monitoring_userprofile (id, role, supabase_id, phone_number, created_at, updated_at, is_active, user_id) FROM stdin;
31	admin	\N	\N	2025-09-13 23:42:22.050858+00	2025-09-13 23:42:22.051018+00	t	23
32	farm_manager	\N		2025-09-14 05:16:22.640621+00	2025-09-14 05:16:22.640724+00	t	24
1	admin	\N	\N	2025-09-03 20:18:46.70256+00	2025-09-04 04:39:29.338397+00	t	1
\.


--
-- Name: auth_group_id_seq; Type: SEQUENCE SET; Schema: public; Owner: -
--

SELECT pg_catalog.setval('public.auth_group_id_seq', 1, false);


--
-- Name: auth_group_permissions_id_seq; Type: SEQUENCE SET; Schema: public; Owner: -
--

SELECT pg_catalog.setval('public.auth_group_permissions_id_seq', 1, false);


--
-- Name: auth_permission_id_seq; Type: SEQUENCE SET; Schema: public; Owner: -
--

SELECT pg_catalog.setval('public.auth_permission_id_seq', 80, true);


--
-- Name: auth_user_groups_id_seq; Type: SEQUENCE SET; Schema: public; Owner: -
--

SELECT pg_catalog.setval('public.auth_user_groups_id_seq', 1, false);


--
-- Name: auth_user_id_seq; Type: SEQUENCE SET; Schema: public; Owner: -
--

SELECT pg_catalog.setval('public.auth_user_id_seq', 24, true);


--
-- Name: auth_user_user_permissions_id_seq; Type: SEQUENCE SET; Schema: public; Owner: -
--

SELECT pg_catalog.setval('public.auth_user_user_permissions_id_seq', 1, false);


--
-- Name: django_admin_log_id_seq; Type: SEQUENCE SET; Schema: public; Owner: -
--

SELECT pg_catalog.setval('public.django_admin_log_id_seq', 1, false);


--
-- Name: django_content_type_id_seq; Type: SEQUENCE SET; Schema: public; Owner: -
--

SELECT pg_catalog.setval('public.django_content_type_id_seq', 20, true);


--
-- Name: django_migrations_id_seq; Type: SEQUENCE SET; Schema: public; Owner: -
--

SELECT pg_catalog.setval('public.django_migrations_id_seq', 29, true);


--
-- Name: monitoring_crop_id_seq; Type: SEQUENCE SET; Schema: public; Owner: -
--

SELECT pg_catalog.setval('public.monitoring_crop_id_seq', 11, true);


--
-- Name: monitoring_croptype_id_seq; Type: SEQUENCE SET; Schema: public; Owner: -
--

SELECT pg_catalog.setval('public.monitoring_croptype_id_seq', 8, true);


--
-- Name: monitoring_farm_crop_types_id_seq; Type: SEQUENCE SET; Schema: public; Owner: -
--

SELECT pg_catalog.setval('public.monitoring_farm_crop_types_id_seq', 21, true);


--
-- Name: monitoring_farm_id_seq; Type: SEQUENCE SET; Schema: public; Owner: -
--

SELECT pg_catalog.setval('public.monitoring_farm_id_seq', 14, true);


--
-- Name: monitoring_field_id_seq; Type: SEQUENCE SET; Schema: public; Owner: -
--

SELECT pg_catalog.setval('public.monitoring_field_id_seq', 14, true);


--
-- Name: monitoring_generatedreport_id_seq; Type: SEQUENCE SET; Schema: public; Owner: -
--

SELECT pg_catalog.setval('public.monitoring_generatedreport_id_seq', 30, true);


--
-- Name: monitoring_harvestrecord_id_seq; Type: SEQUENCE SET; Schema: public; Owner: -
--

SELECT pg_catalog.setval('public.monitoring_harvestrecord_id_seq', 10, true);


--
-- Name: monitoring_inventory_id_seq; Type: SEQUENCE SET; Schema: public; Owner: -
--

SELECT pg_catalog.setval('public.monitoring_inventory_id_seq', 1, false);


--
-- Name: monitoring_inventoryitem_id_seq; Type: SEQUENCE SET; Schema: public; Owner: -
--

SELECT pg_catalog.setval('public.monitoring_inventoryitem_id_seq', 5, true);


--
-- Name: monitoring_inventorytransaction_id_seq; Type: SEQUENCE SET; Schema: public; Owner: -
--

SELECT pg_catalog.setval('public.monitoring_inventorytransaction_id_seq', 10, true);


--
-- Name: monitoring_notification_id_seq; Type: SEQUENCE SET; Schema: public; Owner: -
--

SELECT pg_catalog.setval('public.monitoring_notification_id_seq', 1, false);


--
-- Name: monitoring_reportactivitylog_id_seq; Type: SEQUENCE SET; Schema: public; Owner: -
--

SELECT pg_catalog.setval('public.monitoring_reportactivitylog_id_seq', 39, true);


--
-- Name: monitoring_reporttemplate_id_seq; Type: SEQUENCE SET; Schema: public; Owner: -
--

SELECT pg_catalog.setval('public.monitoring_reporttemplate_id_seq', 1, false);


--
-- Name: monitoring_storagelocation_id_seq; Type: SEQUENCE SET; Schema: public; Owner: -
--

SELECT pg_catalog.setval('public.monitoring_storagelocation_id_seq', 9, true);


--
-- Name: monitoring_userprofile_id_seq; Type: SEQUENCE SET; Schema: public; Owner: -
--

SELECT pg_catalog.setval('public.monitoring_userprofile_id_seq', 32, true);


--
-- Name: auth_group auth_group_name_key; Type: CONSTRAINT; Schema: public; Owner: -
--

ALTER TABLE ONLY public.auth_group
    ADD CONSTRAINT auth_group_name_key UNIQUE (name);


--
-- Name: auth_group_permissions auth_group_permissions_group_id_permission_id_0cd325b0_uniq; Type: CONSTRAINT; Schema: public; Owner: -
--

ALTER TABLE ONLY public.auth_group_permissions
    ADD CONSTRAINT auth_group_permissions_group_id_permission_id_0cd325b0_uniq UNIQUE (group_id, permission_id);


--
-- Name: auth_group_permissions auth_group_permissions_pkey; Type: CONSTRAINT; Schema: public; Owner: -
--

ALTER TABLE ONLY public.auth_group_permissions
    ADD CONSTRAINT auth_group_permissions_pkey PRIMARY KEY (id);


--
-- Name: auth_group auth_group_pkey; Type: CONSTRAINT; Schema: public; Owner: -
--

ALTER TABLE ONLY public.auth_group
    ADD CONSTRAINT auth_group_pkey PRIMARY KEY (id);


--
-- Name: auth_permission auth_permission_content_type_id_codename_01ab375a_uniq; Type: CONSTRAINT; Schema: public; Owner: -
--

ALTER TABLE ONLY public.auth_permission
    ADD CONSTRAINT auth_permission_content_type_id_codename_01ab375a_uniq UNIQUE (content_type_id, codename);


--
-- Name: auth_permission auth_permission_pkey; Type: CONSTRAINT; Schema: public; Owner: -
--

ALTER TABLE ONLY public.auth_permission
    ADD CONSTRAINT auth_permission_pkey PRIMARY KEY (id);


--
-- Name: auth_user_groups auth_user_groups_pkey; Type: CONSTRAINT; Schema: public; Owner: -
--

ALTER TABLE ONLY public.auth_user_groups
    ADD CONSTRAINT auth_user_groups_pkey PRIMARY KEY (id);


--
-- Name: auth_user_groups auth_user_groups_user_id_group_id_94350c0c_uniq; Type: CONSTRAINT; Schema: public; Owner: -
--

ALTER TABLE ONLY public.auth_user_groups
    ADD CONSTRAINT auth_user_groups_user_id_group_id_94350c0c_uniq UNIQUE (user_id, group_id);


--
-- Name: auth_user auth_user_pkey; Type: CONSTRAINT; Schema: public; Owner: -
--

ALTER TABLE ONLY public.auth_user
    ADD CONSTRAINT auth_user_pkey PRIMARY KEY (id);


--
-- Name: auth_user_user_permissions auth_user_user_permissions_pkey; Type: CONSTRAINT; Schema: public; Owner: -
--

ALTER TABLE ONLY public.auth_user_user_permissions
    ADD CONSTRAINT auth_user_user_permissions_pkey PRIMARY KEY (id);


--
-- Name: auth_user_user_permissions auth_user_user_permissions_user_id_permission_id_14a6b632_uniq; Type: CONSTRAINT; Schema: public; Owner: -
--

ALTER TABLE ONLY public.auth_user_user_permissions
    ADD CONSTRAINT auth_user_user_permissions_user_id_permission_id_14a6b632_uniq UNIQUE (user_id, permission_id);


--
-- Name: auth_user auth_user_username_key; Type: CONSTRAINT; Schema: public; Owner: -
--

ALTER TABLE ONLY public.auth_user
    ADD CONSTRAINT auth_user_username_key UNIQUE (username);


--
-- Name: django_admin_log django_admin_log_pkey; Type: CONSTRAINT; Schema: public; Owner: -
--

ALTER TABLE ONLY public.django_admin_log
    ADD CONSTRAINT django_admin_log_pkey PRIMARY KEY (id);


--
-- Name: django_content_type django_content_type_app_label_model_76bd3d3b_uniq; Type: CONSTRAINT; Schema: public; Owner: -
--

ALTER TABLE ONLY public.django_content_type
    ADD CONSTRAINT django_content_type_app_label_model_76bd3d3b_uniq UNIQUE (app_label, model);


--
-- Name: django_content_type django_content_type_pkey; Type: CONSTRAINT; Schema: public; Owner: -
--

ALTER TABLE ONLY public.django_content_type
    ADD CONSTRAINT django_content_type_pkey PRIMARY KEY (id);


--
-- Name: django_migrations django_migrations_pkey; Type: CONSTRAINT; Schema: public; Owner: -
--

ALTER TABLE ONLY public.django_migrations
    ADD CONSTRAINT django_migrations_pkey PRIMARY KEY (id);


--
-- Name: django_session django_session_pkey; Type: CONSTRAINT; Schema: public; Owner: -
--

ALTER TABLE ONLY public.django_session
    ADD CONSTRAINT django_session_pkey PRIMARY KEY (session_key);


--
-- Name: monitoring_crop monitoring_crop_pkey; Type: CONSTRAINT; Schema: public; Owner: -
--

ALTER TABLE ONLY public.monitoring_crop
    ADD CONSTRAINT monitoring_crop_pkey PRIMARY KEY (id);


--
-- Name: monitoring_croptype monitoring_croptype_name_key; Type: CONSTRAINT; Schema: public; Owner: -
--

ALTER TABLE ONLY public.monitoring_croptype
    ADD CONSTRAINT monitoring_croptype_name_key UNIQUE (name);


--
-- Name: monitoring_croptype monitoring_croptype_pkey; Type: CONSTRAINT; Schema: public; Owner: -
--

ALTER TABLE ONLY public.monitoring_croptype
    ADD CONSTRAINT monitoring_croptype_pkey PRIMARY KEY (id);


--
-- Name: monitoring_farm_crop_types monitoring_farm_crop_types_farm_id_croptype_id_753dc694_uniq; Type: CONSTRAINT; Schema: public; Owner: -
--

ALTER TABLE ONLY public.monitoring_farm_crop_types
    ADD CONSTRAINT monitoring_farm_crop_types_farm_id_croptype_id_753dc694_uniq UNIQUE (farm_id, croptype_id);


--
-- Name: monitoring_farm_crop_types monitoring_farm_crop_types_pkey; Type: CONSTRAINT; Schema: public; Owner: -
--

ALTER TABLE ONLY public.monitoring_farm_crop_types
    ADD CONSTRAINT monitoring_farm_crop_types_pkey PRIMARY KEY (id);


--
-- Name: monitoring_farm monitoring_farm_pkey; Type: CONSTRAINT; Schema: public; Owner: -
--

ALTER TABLE ONLY public.monitoring_farm
    ADD CONSTRAINT monitoring_farm_pkey PRIMARY KEY (id);


--
-- Name: monitoring_field monitoring_field_farm_id_name_45b6e46e_uniq; Type: CONSTRAINT; Schema: public; Owner: -
--

ALTER TABLE ONLY public.monitoring_field
    ADD CONSTRAINT monitoring_field_farm_id_name_45b6e46e_uniq UNIQUE (farm_id, name);


--
-- Name: monitoring_field monitoring_field_pkey; Type: CONSTRAINT; Schema: public; Owner: -
--

ALTER TABLE ONLY public.monitoring_field
    ADD CONSTRAINT monitoring_field_pkey PRIMARY KEY (id);


--
-- Name: monitoring_generatedreport monitoring_generatedreport_pkey; Type: CONSTRAINT; Schema: public; Owner: -
--

ALTER TABLE ONLY public.monitoring_generatedreport
    ADD CONSTRAINT monitoring_generatedreport_pkey PRIMARY KEY (id);


--
-- Name: monitoring_harvestrecord monitoring_harvestrecord_pkey; Type: CONSTRAINT; Schema: public; Owner: -
--

ALTER TABLE ONLY public.monitoring_harvestrecord
    ADD CONSTRAINT monitoring_harvestrecord_pkey PRIMARY KEY (id);


--
-- Name: monitoring_inventory monitoring_inventory_pkey; Type: CONSTRAINT; Schema: public; Owner: -
--

ALTER TABLE ONLY public.monitoring_inventory
    ADD CONSTRAINT monitoring_inventory_pkey PRIMARY KEY (id);


--
-- Name: monitoring_inventoryitem monitoring_inventoryitem_pkey; Type: CONSTRAINT; Schema: public; Owner: -
--

ALTER TABLE ONLY public.monitoring_inventoryitem
    ADD CONSTRAINT monitoring_inventoryitem_pkey PRIMARY KEY (id);


--
-- Name: monitoring_inventorytransaction monitoring_inventorytransaction_pkey; Type: CONSTRAINT; Schema: public; Owner: -
--

ALTER TABLE ONLY public.monitoring_inventorytransaction
    ADD CONSTRAINT monitoring_inventorytransaction_pkey PRIMARY KEY (id);


--
-- Name: monitoring_notification monitoring_notification_pkey; Type: CONSTRAINT; Schema: public; Owner: -
--

ALTER TABLE ONLY public.monitoring_notification
    ADD CONSTRAINT monitoring_notification_pkey PRIMARY KEY (id);


--
-- Name: monitoring_reportactivitylog monitoring_reportactivitylog_pkey; Type: CONSTRAINT; Schema: public; Owner: -
--

ALTER TABLE ONLY public.monitoring_reportactivitylog
    ADD CONSTRAINT monitoring_reportactivitylog_pkey PRIMARY KEY (id);


--
-- Name: monitoring_reporttemplate monitoring_reporttemplate_pkey; Type: CONSTRAINT; Schema: public; Owner: -
--

ALTER TABLE ONLY public.monitoring_reporttemplate
    ADD CONSTRAINT monitoring_reporttemplate_pkey PRIMARY KEY (id);


--
-- Name: monitoring_storagelocation monitoring_storagelocation_code_key; Type: CONSTRAINT; Schema: public; Owner: -
--

ALTER TABLE ONLY public.monitoring_storagelocation
    ADD CONSTRAINT monitoring_storagelocation_code_key UNIQUE (code);


--
-- Name: monitoring_storagelocation monitoring_storagelocation_name_key; Type: CONSTRAINT; Schema: public; Owner: -
--

ALTER TABLE ONLY public.monitoring_storagelocation
    ADD CONSTRAINT monitoring_storagelocation_name_key UNIQUE (name);


--
-- Name: monitoring_storagelocation monitoring_storagelocation_pkey; Type: CONSTRAINT; Schema: public; Owner: -
--

ALTER TABLE ONLY public.monitoring_storagelocation
    ADD CONSTRAINT monitoring_storagelocation_pkey PRIMARY KEY (id);


--
-- Name: monitoring_userprofile monitoring_userprofile_pkey; Type: CONSTRAINT; Schema: public; Owner: -
--

ALTER TABLE ONLY public.monitoring_userprofile
    ADD CONSTRAINT monitoring_userprofile_pkey PRIMARY KEY (id);


--
-- Name: monitoring_userprofile monitoring_userprofile_supabase_id_key; Type: CONSTRAINT; Schema: public; Owner: -
--

ALTER TABLE ONLY public.monitoring_userprofile
    ADD CONSTRAINT monitoring_userprofile_supabase_id_key UNIQUE (supabase_id);


--
-- Name: monitoring_userprofile monitoring_userprofile_user_id_key; Type: CONSTRAINT; Schema: public; Owner: -
--

ALTER TABLE ONLY public.monitoring_userprofile
    ADD CONSTRAINT monitoring_userprofile_user_id_key UNIQUE (user_id);


--
-- Name: auth_group_name_a6ea08ec_like; Type: INDEX; Schema: public; Owner: -
--

CREATE INDEX auth_group_name_a6ea08ec_like ON public.auth_group USING btree (name varchar_pattern_ops);


--
-- Name: auth_group_permissions_group_id_b120cbf9; Type: INDEX; Schema: public; Owner: -
--

CREATE INDEX auth_group_permissions_group_id_b120cbf9 ON public.auth_group_permissions USING btree (group_id);


--
-- Name: auth_group_permissions_permission_id_84c5c92e; Type: INDEX; Schema: public; Owner: -
--

CREATE INDEX auth_group_permissions_permission_id_84c5c92e ON public.auth_group_permissions USING btree (permission_id);


--
-- Name: auth_permission_content_type_id_2f476e4b; Type: INDEX; Schema: public; Owner: -
--

CREATE INDEX auth_permission_content_type_id_2f476e4b ON public.auth_permission USING btree (content_type_id);


--
-- Name: auth_user_groups_group_id_97559544; Type: INDEX; Schema: public; Owner: -
--

CREATE INDEX auth_user_groups_group_id_97559544 ON public.auth_user_groups USING btree (group_id);


--
-- Name: auth_user_groups_user_id_6a12ed8b; Type: INDEX; Schema: public; Owner: -
--

CREATE INDEX auth_user_groups_user_id_6a12ed8b ON public.auth_user_groups USING btree (user_id);


--
-- Name: auth_user_user_permissions_permission_id_1fbb5f2c; Type: INDEX; Schema: public; Owner: -
--

CREATE INDEX auth_user_user_permissions_permission_id_1fbb5f2c ON public.auth_user_user_permissions USING btree (permission_id);


--
-- Name: auth_user_user_permissions_user_id_a95ead1b; Type: INDEX; Schema: public; Owner: -
--

CREATE INDEX auth_user_user_permissions_user_id_a95ead1b ON public.auth_user_user_permissions USING btree (user_id);


--
-- Name: auth_user_username_6821ab7c_like; Type: INDEX; Schema: public; Owner: -
--

CREATE INDEX auth_user_username_6821ab7c_like ON public.auth_user USING btree (username varchar_pattern_ops);


--
-- Name: django_admin_log_content_type_id_c4bce8eb; Type: INDEX; Schema: public; Owner: -
--

CREATE INDEX django_admin_log_content_type_id_c4bce8eb ON public.django_admin_log USING btree (content_type_id);


--
-- Name: django_admin_log_user_id_c564eba6; Type: INDEX; Schema: public; Owner: -
--

CREATE INDEX django_admin_log_user_id_c564eba6 ON public.django_admin_log USING btree (user_id);


--
-- Name: django_session_expire_date_a5c62663; Type: INDEX; Schema: public; Owner: -
--

CREATE INDEX django_session_expire_date_a5c62663 ON public.django_session USING btree (expire_date);


--
-- Name: django_session_session_key_c0390e0f_like; Type: INDEX; Schema: public; Owner: -
--

CREATE INDEX django_session_session_key_c0390e0f_like ON public.django_session USING btree (session_key varchar_pattern_ops);


--
-- Name: monitoring__action__3c3af8_idx; Type: INDEX; Schema: public; Owner: -
--

CREATE INDEX monitoring__action__3c3af8_idx ON public.monitoring_inventorytransaction USING btree (action_type);


--
-- Name: monitoring__crop_ty_c70266_idx; Type: INDEX; Schema: public; Owner: -
--

CREATE INDEX monitoring__crop_ty_c70266_idx ON public.monitoring_inventoryitem USING btree (crop_type_id, storage_location_id);


--
-- Name: monitoring__date_st_610caa_idx; Type: INDEX; Schema: public; Owner: -
--

CREATE INDEX monitoring__date_st_610caa_idx ON public.monitoring_inventoryitem USING btree (date_stored);


--
-- Name: monitoring__expiry__9bc6a6_idx; Type: INDEX; Schema: public; Owner: -
--

CREATE INDEX monitoring__expiry__9bc6a6_idx ON public.monitoring_inventoryitem USING btree (expiry_date);


--
-- Name: monitoring__timesta_1acb25_idx; Type: INDEX; Schema: public; Owner: -
--

CREATE INDEX monitoring__timesta_1acb25_idx ON public.monitoring_inventorytransaction USING btree ("timestamp");


--
-- Name: monitoring__user_id_c715db_idx; Type: INDEX; Schema: public; Owner: -
--

CREATE INDEX monitoring__user_id_c715db_idx ON public.monitoring_inventorytransaction USING btree (user_id);


--
-- Name: monitoring_croptype_name_2569df3a_like; Type: INDEX; Schema: public; Owner: -
--

CREATE INDEX monitoring_croptype_name_2569df3a_like ON public.monitoring_croptype USING btree (name varchar_pattern_ops);


--
-- Name: monitoring_farm_crop_types_croptype_id_84aca77d; Type: INDEX; Schema: public; Owner: -
--

CREATE INDEX monitoring_farm_crop_types_croptype_id_84aca77d ON public.monitoring_farm_crop_types USING btree (croptype_id);


--
-- Name: monitoring_farm_crop_types_farm_id_8d6b3e0f; Type: INDEX; Schema: public; Owner: -
--

CREATE INDEX monitoring_farm_crop_types_farm_id_8d6b3e0f ON public.monitoring_farm_crop_types USING btree (farm_id);


--
-- Name: monitoring_farm_manager_id_a1674c6b; Type: INDEX; Schema: public; Owner: -
--

CREATE INDEX monitoring_farm_manager_id_a1674c6b ON public.monitoring_farm USING btree (manager_id);


--
-- Name: monitoring_field_crop_id_076e6f49; Type: INDEX; Schema: public; Owner: -
--

CREATE INDEX monitoring_field_crop_id_076e6f49 ON public.monitoring_field USING btree (crop_id);


--
-- Name: monitoring_field_farm_id_06f77abf; Type: INDEX; Schema: public; Owner: -
--

CREATE INDEX monitoring_field_farm_id_06f77abf ON public.monitoring_field USING btree (farm_id);


--
-- Name: monitoring_field_supervisor_id_82ccea0a; Type: INDEX; Schema: public; Owner: -
--

CREATE INDEX monitoring_field_supervisor_id_82ccea0a ON public.monitoring_field USING btree (supervisor_id);


--
-- Name: monitoring_generatedreport_generated_by_id_60bf0fc7; Type: INDEX; Schema: public; Owner: -
--

CREATE INDEX monitoring_generatedreport_generated_by_id_60bf0fc7 ON public.monitoring_generatedreport USING btree (generated_by_id);


--
-- Name: monitoring_generatedreport_template_id_25a24f3d; Type: INDEX; Schema: public; Owner: -
--

CREATE INDEX monitoring_generatedreport_template_id_25a24f3d ON public.monitoring_generatedreport USING btree (template_id);


--
-- Name: monitoring_harvestrecord_created_by_id_157af469; Type: INDEX; Schema: public; Owner: -
--

CREATE INDEX monitoring_harvestrecord_created_by_id_157af469 ON public.monitoring_harvestrecord USING btree (created_by_id);


--
-- Name: monitoring_inventory_crop_id_6b9427d0; Type: INDEX; Schema: public; Owner: -
--

CREATE INDEX monitoring_inventory_crop_id_6b9427d0 ON public.monitoring_inventory USING btree (crop_id);


--
-- Name: monitoring_inventory_harvest_record_id_ef883506; Type: INDEX; Schema: public; Owner: -
--

CREATE INDEX monitoring_inventory_harvest_record_id_ef883506 ON public.monitoring_inventory USING btree (harvest_record_id);


--
-- Name: monitoring_inventory_managed_by_id_b25f4bac; Type: INDEX; Schema: public; Owner: -
--

CREATE INDEX monitoring_inventory_managed_by_id_b25f4bac ON public.monitoring_inventory USING btree (managed_by_id);


--
-- Name: monitoring_inventoryitem_added_by_id_9a7fcc05; Type: INDEX; Schema: public; Owner: -
--

CREATE INDEX monitoring_inventoryitem_added_by_id_9a7fcc05 ON public.monitoring_inventoryitem USING btree (added_by_id);


--
-- Name: monitoring_inventoryitem_crop_type_id_d0c0bfda; Type: INDEX; Schema: public; Owner: -
--

CREATE INDEX monitoring_inventoryitem_crop_type_id_d0c0bfda ON public.monitoring_inventoryitem USING btree (crop_type_id);


--
-- Name: monitoring_inventoryitem_storage_location_id_da98d794; Type: INDEX; Schema: public; Owner: -
--

CREATE INDEX monitoring_inventoryitem_storage_location_id_da98d794 ON public.monitoring_inventoryitem USING btree (storage_location_id);


--
-- Name: monitoring_inventorytransaction_inventory_item_id_b5e661de; Type: INDEX; Schema: public; Owner: -
--

CREATE INDEX monitoring_inventorytransaction_inventory_item_id_b5e661de ON public.monitoring_inventorytransaction USING btree (inventory_item_id);


--
-- Name: monitoring_inventorytransaction_user_id_f63a19d8; Type: INDEX; Schema: public; Owner: -
--

CREATE INDEX monitoring_inventorytransaction_user_id_f63a19d8 ON public.monitoring_inventorytransaction USING btree (user_id);


--
-- Name: monitoring_notification_user_id_df26fcf3; Type: INDEX; Schema: public; Owner: -
--

CREATE INDEX monitoring_notification_user_id_df26fcf3 ON public.monitoring_notification USING btree (user_id);


--
-- Name: monitoring_reportactivitylog_report_id_60917772; Type: INDEX; Schema: public; Owner: -
--

CREATE INDEX monitoring_reportactivitylog_report_id_60917772 ON public.monitoring_reportactivitylog USING btree (report_id);


--
-- Name: monitoring_reportactivitylog_user_id_c5b6138b; Type: INDEX; Schema: public; Owner: -
--

CREATE INDEX monitoring_reportactivitylog_user_id_c5b6138b ON public.monitoring_reportactivitylog USING btree (user_id);


--
-- Name: monitoring_storagelocation_code_17e1262c_like; Type: INDEX; Schema: public; Owner: -
--

CREATE INDEX monitoring_storagelocation_code_17e1262c_like ON public.monitoring_storagelocation USING btree (code varchar_pattern_ops);


--
-- Name: monitoring_storagelocation_name_bd778bdc_like; Type: INDEX; Schema: public; Owner: -
--

CREATE INDEX monitoring_storagelocation_name_bd778bdc_like ON public.monitoring_storagelocation USING btree (name varchar_pattern_ops);


--
-- Name: monitoring_userprofile_supabase_id_b9b1194a_like; Type: INDEX; Schema: public; Owner: -
--

CREATE INDEX monitoring_userprofile_supabase_id_b9b1194a_like ON public.monitoring_userprofile USING btree (supabase_id varchar_pattern_ops);


--
-- Name: auth_group_permissions auth_group_permissio_permission_id_84c5c92e_fk_auth_perm; Type: FK CONSTRAINT; Schema: public; Owner: -
--

ALTER TABLE ONLY public.auth_group_permissions
    ADD CONSTRAINT auth_group_permissio_permission_id_84c5c92e_fk_auth_perm FOREIGN KEY (permission_id) REFERENCES public.auth_permission(id) DEFERRABLE INITIALLY DEFERRED;


--
-- Name: auth_group_permissions auth_group_permissions_group_id_b120cbf9_fk_auth_group_id; Type: FK CONSTRAINT; Schema: public; Owner: -
--

ALTER TABLE ONLY public.auth_group_permissions
    ADD CONSTRAINT auth_group_permissions_group_id_b120cbf9_fk_auth_group_id FOREIGN KEY (group_id) REFERENCES public.auth_group(id) DEFERRABLE INITIALLY DEFERRED;


--
-- Name: auth_permission auth_permission_content_type_id_2f476e4b_fk_django_co; Type: FK CONSTRAINT; Schema: public; Owner: -
--

ALTER TABLE ONLY public.auth_permission
    ADD CONSTRAINT auth_permission_content_type_id_2f476e4b_fk_django_co FOREIGN KEY (content_type_id) REFERENCES public.django_content_type(id) DEFERRABLE INITIALLY DEFERRED;


--
-- Name: auth_user_groups auth_user_groups_group_id_97559544_fk_auth_group_id; Type: FK CONSTRAINT; Schema: public; Owner: -
--

ALTER TABLE ONLY public.auth_user_groups
    ADD CONSTRAINT auth_user_groups_group_id_97559544_fk_auth_group_id FOREIGN KEY (group_id) REFERENCES public.auth_group(id) DEFERRABLE INITIALLY DEFERRED;


--
-- Name: auth_user_groups auth_user_groups_user_id_6a12ed8b_fk_auth_user_id; Type: FK CONSTRAINT; Schema: public; Owner: -
--

ALTER TABLE ONLY public.auth_user_groups
    ADD CONSTRAINT auth_user_groups_user_id_6a12ed8b_fk_auth_user_id FOREIGN KEY (user_id) REFERENCES public.auth_user(id) DEFERRABLE INITIALLY DEFERRED;


--
-- Name: auth_user_user_permissions auth_user_user_permi_permission_id_1fbb5f2c_fk_auth_perm; Type: FK CONSTRAINT; Schema: public; Owner: -
--

ALTER TABLE ONLY public.auth_user_user_permissions
    ADD CONSTRAINT auth_user_user_permi_permission_id_1fbb5f2c_fk_auth_perm FOREIGN KEY (permission_id) REFERENCES public.auth_permission(id) DEFERRABLE INITIALLY DEFERRED;


--
-- Name: auth_user_user_permissions auth_user_user_permissions_user_id_a95ead1b_fk_auth_user_id; Type: FK CONSTRAINT; Schema: public; Owner: -
--

ALTER TABLE ONLY public.auth_user_user_permissions
    ADD CONSTRAINT auth_user_user_permissions_user_id_a95ead1b_fk_auth_user_id FOREIGN KEY (user_id) REFERENCES public.auth_user(id) DEFERRABLE INITIALLY DEFERRED;


--
-- Name: django_admin_log django_admin_log_content_type_id_c4bce8eb_fk_django_co; Type: FK CONSTRAINT; Schema: public; Owner: -
--

ALTER TABLE ONLY public.django_admin_log
    ADD CONSTRAINT django_admin_log_content_type_id_c4bce8eb_fk_django_co FOREIGN KEY (content_type_id) REFERENCES public.django_content_type(id) DEFERRABLE INITIALLY DEFERRED;


--
-- Name: django_admin_log django_admin_log_user_id_c564eba6_fk_auth_user_id; Type: FK CONSTRAINT; Schema: public; Owner: -
--

ALTER TABLE ONLY public.django_admin_log
    ADD CONSTRAINT django_admin_log_user_id_c564eba6_fk_auth_user_id FOREIGN KEY (user_id) REFERENCES public.auth_user(id) DEFERRABLE INITIALLY DEFERRED;


--
-- Name: monitoring_farm_crop_types monitoring_farm_crop_croptype_id_84aca77d_fk_monitorin; Type: FK CONSTRAINT; Schema: public; Owner: -
--

ALTER TABLE ONLY public.monitoring_farm_crop_types
    ADD CONSTRAINT monitoring_farm_crop_croptype_id_84aca77d_fk_monitorin FOREIGN KEY (croptype_id) REFERENCES public.monitoring_croptype(id) DEFERRABLE INITIALLY DEFERRED;


--
-- Name: monitoring_farm_crop_types monitoring_farm_crop_farm_id_8d6b3e0f_fk_monitorin; Type: FK CONSTRAINT; Schema: public; Owner: -
--

ALTER TABLE ONLY public.monitoring_farm_crop_types
    ADD CONSTRAINT monitoring_farm_crop_farm_id_8d6b3e0f_fk_monitorin FOREIGN KEY (farm_id) REFERENCES public.monitoring_farm(id) DEFERRABLE INITIALLY DEFERRED;


--
-- Name: monitoring_farm_crop_types monitoring_farm_crop_types_croptype_id_84aca77d_fk; Type: FK CONSTRAINT; Schema: public; Owner: -
--

ALTER TABLE ONLY public.monitoring_farm_crop_types
    ADD CONSTRAINT monitoring_farm_crop_types_croptype_id_84aca77d_fk FOREIGN KEY (croptype_id) REFERENCES public.monitoring_croptype(id) DEFERRABLE INITIALLY DEFERRED;


--
-- Name: monitoring_farm monitoring_farm_manager_id_a1674c6b_fk_auth_user_id; Type: FK CONSTRAINT; Schema: public; Owner: -
--

ALTER TABLE ONLY public.monitoring_farm
    ADD CONSTRAINT monitoring_farm_manager_id_a1674c6b_fk_auth_user_id FOREIGN KEY (manager_id) REFERENCES public.auth_user(id) DEFERRABLE INITIALLY DEFERRED;


--
-- Name: monitoring_field monitoring_field_crop_id_076e6f49_fk_monitoring_crop_id; Type: FK CONSTRAINT; Schema: public; Owner: -
--

ALTER TABLE ONLY public.monitoring_field
    ADD CONSTRAINT monitoring_field_crop_id_076e6f49_fk_monitoring_crop_id FOREIGN KEY (crop_id) REFERENCES public.monitoring_crop(id) DEFERRABLE INITIALLY DEFERRED;


--
-- Name: monitoring_field monitoring_field_farm_id_06f77abf_fk_monitoring_farm_id; Type: FK CONSTRAINT; Schema: public; Owner: -
--

ALTER TABLE ONLY public.monitoring_field
    ADD CONSTRAINT monitoring_field_farm_id_06f77abf_fk_monitoring_farm_id FOREIGN KEY (farm_id) REFERENCES public.monitoring_farm(id) DEFERRABLE INITIALLY DEFERRED;


--
-- Name: monitoring_field monitoring_field_supervisor_id_82ccea0a_fk_auth_user_id; Type: FK CONSTRAINT; Schema: public; Owner: -
--

ALTER TABLE ONLY public.monitoring_field
    ADD CONSTRAINT monitoring_field_supervisor_id_82ccea0a_fk_auth_user_id FOREIGN KEY (supervisor_id) REFERENCES public.auth_user(id) DEFERRABLE INITIALLY DEFERRED;


--
-- Name: monitoring_generatedreport monitoring_generated_generated_by_id_60bf0fc7_fk_auth_user; Type: FK CONSTRAINT; Schema: public; Owner: -
--

ALTER TABLE ONLY public.monitoring_generatedreport
    ADD CONSTRAINT monitoring_generated_generated_by_id_60bf0fc7_fk_auth_user FOREIGN KEY (generated_by_id) REFERENCES public.auth_user(id) DEFERRABLE INITIALLY DEFERRED;


--
-- Name: monitoring_generatedreport monitoring_generated_template_id_25a24f3d_fk_monitorin; Type: FK CONSTRAINT; Schema: public; Owner: -
--

ALTER TABLE ONLY public.monitoring_generatedreport
    ADD CONSTRAINT monitoring_generated_template_id_25a24f3d_fk_monitorin FOREIGN KEY (template_id) REFERENCES public.monitoring_reporttemplate(id) DEFERRABLE INITIALLY DEFERRED;


--
-- Name: monitoring_harvestrecord monitoring_harvestrecord_created_by_id_157af469_fk_auth_user_id; Type: FK CONSTRAINT; Schema: public; Owner: -
--

ALTER TABLE ONLY public.monitoring_harvestrecord
    ADD CONSTRAINT monitoring_harvestrecord_created_by_id_157af469_fk_auth_user_id FOREIGN KEY (created_by_id) REFERENCES public.auth_user(id) DEFERRABLE INITIALLY DEFERRED;


--
-- Name: monitoring_harvestrecord monitoring_harvestrecord_field_id_fkey; Type: FK CONSTRAINT; Schema: public; Owner: -
--

ALTER TABLE ONLY public.monitoring_harvestrecord
    ADD CONSTRAINT monitoring_harvestrecord_field_id_fkey FOREIGN KEY (field_id) REFERENCES public.monitoring_field(id) DEFERRABLE INITIALLY DEFERRED;


--
-- Name: monitoring_harvestrecord monitoring_harvestrecord_harvested_by_id_fkey; Type: FK CONSTRAINT; Schema: public; Owner: -
--

ALTER TABLE ONLY public.monitoring_harvestrecord
    ADD CONSTRAINT monitoring_harvestrecord_harvested_by_id_fkey FOREIGN KEY (harvested_by_id) REFERENCES public.auth_user(id) DEFERRABLE INITIALLY DEFERRED;


--
-- Name: monitoring_inventory monitoring_inventory_crop_id_6b9427d0_fk_monitoring_crop_id; Type: FK CONSTRAINT; Schema: public; Owner: -
--

ALTER TABLE ONLY public.monitoring_inventory
    ADD CONSTRAINT monitoring_inventory_crop_id_6b9427d0_fk_monitoring_crop_id FOREIGN KEY (crop_id) REFERENCES public.monitoring_crop(id) DEFERRABLE INITIALLY DEFERRED;


--
-- Name: monitoring_inventory monitoring_inventory_harvest_record_id_ef883506_fk_monitorin; Type: FK CONSTRAINT; Schema: public; Owner: -
--

ALTER TABLE ONLY public.monitoring_inventory
    ADD CONSTRAINT monitoring_inventory_harvest_record_id_ef883506_fk_monitorin FOREIGN KEY (harvest_record_id) REFERENCES public.monitoring_harvestrecord(id) DEFERRABLE INITIALLY DEFERRED;


--
-- Name: monitoring_inventory monitoring_inventory_managed_by_id_b25f4bac_fk_auth_user_id; Type: FK CONSTRAINT; Schema: public; Owner: -
--

ALTER TABLE ONLY public.monitoring_inventory
    ADD CONSTRAINT monitoring_inventory_managed_by_id_b25f4bac_fk_auth_user_id FOREIGN KEY (managed_by_id) REFERENCES public.auth_user(id) DEFERRABLE INITIALLY DEFERRED;


--
-- Name: monitoring_inventorytransaction monitoring_inventory_user_id_f63a19d8_fk_auth_user; Type: FK CONSTRAINT; Schema: public; Owner: -
--

ALTER TABLE ONLY public.monitoring_inventorytransaction
    ADD CONSTRAINT monitoring_inventory_user_id_f63a19d8_fk_auth_user FOREIGN KEY (user_id) REFERENCES public.auth_user(id) DEFERRABLE INITIALLY DEFERRED;


--
-- Name: monitoring_inventoryitem monitoring_inventoryitem_added_by_id_9a7fcc05_fk_auth_user_id; Type: FK CONSTRAINT; Schema: public; Owner: -
--

ALTER TABLE ONLY public.monitoring_inventoryitem
    ADD CONSTRAINT monitoring_inventoryitem_added_by_id_9a7fcc05_fk_auth_user_id FOREIGN KEY (added_by_id) REFERENCES public.auth_user(id) DEFERRABLE INITIALLY DEFERRED;


--
-- Name: monitoring_inventoryitem monitoring_inventoryitem_crop_type_id_d0c0bfda_fk; Type: FK CONSTRAINT; Schema: public; Owner: -
--

ALTER TABLE ONLY public.monitoring_inventoryitem
    ADD CONSTRAINT monitoring_inventoryitem_crop_type_id_d0c0bfda_fk FOREIGN KEY (crop_type_id) REFERENCES public.monitoring_croptype(id) DEFERRABLE INITIALLY DEFERRED;


--
-- Name: monitoring_inventoryitem monitoring_inventoryitem_storage_location_id_da98d794_fk; Type: FK CONSTRAINT; Schema: public; Owner: -
--

ALTER TABLE ONLY public.monitoring_inventoryitem
    ADD CONSTRAINT monitoring_inventoryitem_storage_location_id_da98d794_fk FOREIGN KEY (storage_location_id) REFERENCES public.monitoring_storagelocation(id) DEFERRABLE INITIALLY DEFERRED;


--
-- Name: monitoring_inventorytransaction monitoring_inventorytransaction_inventory_item_id_b5e661de_fk; Type: FK CONSTRAINT; Schema: public; Owner: -
--

ALTER TABLE ONLY public.monitoring_inventorytransaction
    ADD CONSTRAINT monitoring_inventorytransaction_inventory_item_id_b5e661de_fk FOREIGN KEY (inventory_item_id) REFERENCES public.monitoring_inventoryitem(id) DEFERRABLE INITIALLY DEFERRED;


--
-- Name: monitoring_notification monitoring_notification_user_id_df26fcf3_fk_auth_user_id; Type: FK CONSTRAINT; Schema: public; Owner: -
--

ALTER TABLE ONLY public.monitoring_notification
    ADD CONSTRAINT monitoring_notification_user_id_df26fcf3_fk_auth_user_id FOREIGN KEY (user_id) REFERENCES public.auth_user(id) DEFERRABLE INITIALLY DEFERRED;


--
-- Name: monitoring_reportactivitylog monitoring_reportact_report_id_60917772_fk_monitorin; Type: FK CONSTRAINT; Schema: public; Owner: -
--

ALTER TABLE ONLY public.monitoring_reportactivitylog
    ADD CONSTRAINT monitoring_reportact_report_id_60917772_fk_monitorin FOREIGN KEY (report_id) REFERENCES public.monitoring_generatedreport(id) DEFERRABLE INITIALLY DEFERRED;


--
-- Name: monitoring_reportactivitylog monitoring_reportactivitylog_user_id_c5b6138b_fk_auth_user_id; Type: FK CONSTRAINT; Schema: public; Owner: -
--

ALTER TABLE ONLY public.monitoring_reportactivitylog
    ADD CONSTRAINT monitoring_reportactivitylog_user_id_c5b6138b_fk_auth_user_id FOREIGN KEY (user_id) REFERENCES public.auth_user(id) DEFERRABLE INITIALLY DEFERRED;


--
-- Name: monitoring_userprofile monitoring_userprofile_user_id_8b2a958e_fk_auth_user_id; Type: FK CONSTRAINT; Schema: public; Owner: -
--

ALTER TABLE ONLY public.monitoring_userprofile
    ADD CONSTRAINT monitoring_userprofile_user_id_8b2a958e_fk_auth_user_id FOREIGN KEY (user_id) REFERENCES public.auth_user(id) DEFERRABLE INITIALLY DEFERRED;


--
-- PostgreSQL database dump complete
--

\unrestrict gYZfJtAndaeFy4fG0PAmUni8QIMbXZC1noFrjJ3NMqB193haELEx0nnbugwTIaj

